[
  {
    "input": "create a gta style house, gta, 4k, hyper detailed, cinematic, realistic, unreal engine, cinematic lighting, bright lights",
    "outputLink": "image.jpg"
  },
  {
    "input": "generate a fantasy landscape, mountains, castle, dragons, epic",
    "outputLink": "image.jpg"
  },
  {
    "input": "design a futuristic city, skyscrapers, flying cars, neon lights",
    "outputLink": "image.jpg"
  },
  {
    "input": "leo messi",
    "outputLink": "https://i.ibb.co/KVnbWJ0/image.jpg"
  },
  {
    "input": "leo messi",
    "outputLink": "https://i.ibb.co/KVnbWJ0/image.jpg"
  },
  {
    "input": "leo messi as Spiderman",
    "outputLink": "https://i.ibb.co/KVnbWJ0/image.jpg"
  },
  {
    "input": "Dog crying",
    "outputLink": "https://i.ibb.co/KVnbWJ0/image.jpg"
  },
  {
    "input": "sheikh hasina crying",
    "outputLink": "https://i.ibb.co/KVnbWJ0/image.jpg"
  },
  {
    "input": "fucking @Tahlil Zaman",
    "outputLink": "https://i.ibb.co/KVnbWJ0/image.jpg"
  },
  {
    "input": "nezuko in bikini",
    "outputLink": "https://i.ibb.co/NTWKVVk/image-5b94efb9-cc79-4b34-b1ab-8094ea70d5cd.png"
  },
  {
    "input": "jishan gay crying in the bathroom with dog",
    "outputLink": "https://i.ibb.co/wSsrtgD/image-aeb5f254-bc2c-4a23-adc1-9ffa31064ab2.png"
  },
  {
    "input": "dog crying with sheikh hasina",
    "outputLink": "https://i.ibb.co/C9Q5H49/image-652100f7-1780-42eb-8150-efbb70008830.png"
  },
  {
    "input": "nezuko in bikini",
    "outputLink": "https://i.ibb.co/P5WhsVc/image-cca7bab9-3d39-494a-ab96-90791f1023e3.png"
  },
  {
    "input": "jishan gay crying in the bathroom with dog",
    "outputLink": "https://i.ibb.co/wSsrtgD/image-aeb5f254-bc2c-4a23-adc1-9ffa31064ab2.png"
  },
  {
    "input": "jishan gay crying in the bathroom with dog",
    "outputLink": "https://i.ibb.co/wSsrtgD/image-aeb5f254-bc2c-4a23-adc1-9ffa31064ab2.png"
  },
  {
    "input": "jishan gay crying in the bathroom with dog",
    "outputLink": "https://i.ibb.co/wSsrtgD/image-aeb5f254-bc2c-4a23-adc1-9ffa31064ab2.png"
  },
  {
    "input": "dog crying with sheikh hasina",
    "outputLink": "https://i.ibb.co/BBxxSj8/image-96c9fd86-58ab-4255-9604-f47f320d9ea2.png"
  },
  {
    "input": "jishan gay crying in the bathroom with dog",
    "outputLink": "https://i.ibb.co/wSsrtgD/image-aeb5f254-bc2c-4a23-adc1-9ffa31064ab2.png"
  },
  {
    "input": "jishan gay crying in the bathroom with dog",
    "outputLink": "https://i.ibb.co/wSsrtgD/image-aeb5f254-bc2c-4a23-adc1-9ffa31064ab2.png"
  },
  {
    "input": "jishan gay crying in the bathroom with dog",
    "outputLink": "https://i.ibb.co/wSsrtgD/image-aeb5f254-bc2c-4a23-adc1-9ffa31064ab2.png"
  },
  {
    "input": "jishan gay crying in the bathroom with dog",
    "outputLink": "https://i.ibb.co/wSsrtgD/image-aeb5f254-bc2c-4a23-adc1-9ffa31064ab2.png"
  },
  {
    "input": "dog crying with sheikh hasina in the hall",
    "outputLink": "https://i.ibb.co/wKCZzQL/image-058b18b0-696c-4bf7-a6a6-d5e535286f0c.png"
  },
  {
    "input": "leo messi and sheikh hasina",
    "outputLink": "https://i.ibb.co/yhCjWFj/image-7ff22b3a-585c-4cd6-9010-3e7e957d3213.png"
  },
  {
    "input": "ariana grande and messi",
    "outputLink": "https://i.ibb.co/J7sFwRv/image-c3ed9a7a-3f6a-44f1-b319-76b1e1539e62.png"
  },
  {
    "input": "spiderman and superman with sheikh hasina",
    "outputLink": "https://i.ibb.co/S7h43Pr/image-325edea7-f42d-4ff6-b3cb-1fb9d2ef9c2d.png"
  },
  {
    "input": "bangobondhu and sheikh hasina crying",
    "outputLink": "https://i.ibb.co/71KBHtD/image-a8a80fed-592a-4ebc-9e74-71745e8a2b51.png"
  },
  {
    "input": "spiderman and batman combined",
    "outputLink": "https://i.ibb.co/RBH2YQY/image-0e2d868f-80f7-48bb-8350-54d631eae835.png"
  },
  {
    "input": "a girl from the future, having big rounded eyes , ultra hd",
    "outputLink": "https://i.ibb.co/Z2drDkJ/image-cb4ff5c0-6201-4aa5-ad53-7a970c66e536.png"
  }
]